year,individualism,collectivism,tightness,looseness
1800,4.789623617462713e-05,0.0002047419207258372,1.1960933324495215e-05,6.280579708439759e-06
1801,4.7243674454211516e-05,0.00019388191135476517,1.1875700856052163e-05,6.233732644069789e-06
1802,4.575882761228186e-05,0.00018556278790053207,1.1804986298476668e-05,6.144270485989682e-06
1803,4.613074987696348e-05,0.00018158806653900683,1.1768315323783846e-05,6.116652772693496e-06
1804,4.3592575774322106e-05,0.0001780557001568793,1.1894550971496593e-05,6.029908032908641e-06
1805,4.470255245606466e-05,0.00017449250987868124,1.1703220851190718e-05,5.893266731625348e-06
1806,4.6541438067085726e-05,0.00017710414699325026,1.182220673849242e-05,6.0221423915976915e-06
1807,4.691335200679436e-05,0.0001629569434921255,1.1475799357693208e-05,5.9604701564123065e-06
1808,4.8106321575258626e-05,0.00016737412049191595,1.1500009620440161e-05,5.975070667916884e-06
1809,4.959266150044478e-05,0.0001725507522516117,1.1614777070434457e-05,6.082180494931018e-06
1810,4.981752634991565e-05,0.00017483957365779394,1.1678120532008864e-05,6.033510290327979e-06
1811,4.975915923661438e-05,0.00017732716474126522,1.1687445235456347e-05,5.974958904683295e-06
1812,5.078230877431089e-05,0.0001787068904458725,1.1794169518708486e-05,6.071524274808837e-06
1813,5.047134888796252e-05,0.0001826376584403988,1.1887876750600006e-05,6.1242886200510835e-06
1814,5.2156392058101885e-05,0.00018055370631080744,1.2277912236616624e-05,6.249703313221388e-06
1815,5.220529204571659e-05,0.00017702494778047497,1.2206732528799842e-05,6.212081630296851e-06
1816,5.269955101914826e-05,0.00017650697100179968,1.2315094900117173e-05,6.180248758130042e-06
1817,5.395298561291665e-05,0.00018191237520730804,1.2591811015637079e-05,6.388967069754463e-06
1818,5.456401750333509e-05,0.00018098132632563387,1.253152550282672e-05,6.434511675047969e-06
1819,5.424972771625062e-05,0.00017656768381714625,1.2454127439350974e-05,6.427347260414986e-06
1820,5.404478927511265e-05,0.00016988117079920682,1.2176515578740268e-05,6.248180749952274e-06
1821,5.4364338043384155e-05,0.00016924263837024358,1.1844526393036047e-05,6.18355913736744e-06
1822,5.564057548463579e-05,0.0001707411131113596,1.2023524306873208e-05,6.364853885616156e-06
1823,5.7474616208720774e-05,0.00016858527665622854,1.1834388372225898e-05,6.465138039689147e-06
1824,5.797887524933947e-05,0.00016116645910610065,1.146643822268954e-05,6.391262677950062e-06
1825,5.867471160961709e-05,0.00016007131418811175,1.1468501511911558e-05,6.467613457588379e-06
1826,6.061285280494528e-05,0.00015917896893467644,1.1435730100625312e-05,6.502916928760198e-06
1827,6.306274986749611e-05,0.0001590984307589289,1.1717100847416111e-05,6.764947157145151e-06
1828,6.400688994498019e-05,0.0001579859403883737,1.1741728739674987e-05,6.8375710535608005e-06
1829,6.376967093178556e-05,0.00015174660632867796,1.1906291078389586e-05,6.807176639603682e-06
1830,6.425569030602381e-05,0.00014988602047034355,1.1835550150099802e-05,6.840864795195793e-06
1831,6.424660690380295e-05,0.0001492636605706009,1.1889576727038989e-05,6.896847212174111e-06
1832,6.530766549311158e-05,0.00014479333177470316,1.1641663982280598e-05,6.859880815337663e-06
1833,6.507596957502518e-05,0.00014271341197919746,1.1589581831726394e-05,6.923503741842633e-06
1834,6.488899976123515e-05,0.00014321957705273495,1.1460043501797048e-05,6.903752321045311e-06
1835,6.597454444242803e-05,0.00014280705650142927,1.1498352416237725e-05,6.989774281725345e-06
1836,6.769071494109166e-05,0.00014492042890066972,1.10954956734791e-05,6.9655813546652484e-06
1837,6.764745195234465e-05,0.0001424995860962294,1.0952398508631436e-05,6.861013223749148e-06
1838,6.939724916968766e-05,0.00014001928676472225,1.0717672163959184e-05,6.804625212652222e-06
1839,7.009310552000667e-05,0.00014005851574795867,1.07682739647024e-05,6.828603900237746e-06
1840,7.059767767739597e-05,0.00013714969753664263,1.0507508674046611e-05,6.698311725919899e-06
1841,7.09152737713278e-05,0.00013401322884679497,1.0285920451126782e-05,6.649788207032818e-06
1842,7.098410482190129e-05,0.00013226532126152182,1.0119398867353928e-05,6.587712307934026e-06
1843,7.012779857059773e-05,0.0001320065813631897,1.0052302393960742e-05,6.58058273068323e-06
1844,6.97075490909376e-05,0.00013192653836670485,9.967758936113569e-06,6.57356533318205e-06
1845,6.937812226581741e-05,0.00013151848130681692,1.0012897924533652e-05,6.692948762981876e-06
1846,6.893434468224768e-05,0.0001331118529930921,1.0044960702616988e-05,6.768979436374714e-06
1847,6.919500000484342e-05,0.00013455413461217956,1.0147482882822649e-05,6.9037646802946485e-06
1848,6.896392341688389e-05,0.00013589509088823045,1.0178186586529137e-05,6.902514933648795e-06
1849,6.864437022484944e-05,0.0001380997885738517,1.0320650967392859e-05,7.089311051193338e-06
1850,6.89262750357094e-05,0.00013869603096087042,1.0324069841008817e-05,7.133006531850101e-06
1851,6.901248773744888e-05,0.0001405058098628485,1.039099962330933e-05,7.265984426319776e-06
1852,6.802944787790263e-05,0.00014107698229638897,1.0364420069614816e-05,7.19138135308566e-06
1853,6.78821466798699e-05,0.00014039369552522527,1.0294306160371239e-05,7.2954343326381285e-06
1854,6.754899425105114e-05,0.0001403362484130152,1.0195089518763975e-05,7.18991799247123e-06
1855,6.73904681762443e-05,0.00013979571755433947,1.0172552999928744e-05,7.213141992502241e-06
1856,6.632040857722034e-05,0.00013681512101421895,9.890694037600108e-06,6.97321624482423e-06
1857,6.582726004238688e-05,0.00013484342636209997,9.811886844244913e-06,6.965338946225101e-06
1858,6.547598299963145e-05,0.00013333596284123165,9.809105031674139e-06,6.939971664599825e-06
1859,6.538875455319726e-05,0.000132917258724774,9.729125732300352e-06,7.061370376942877e-06
1860,6.44698028641041e-05,0.0001313307426715125,9.575245053485202e-06,6.935196029337977e-06
1861,6.365657939661722e-05,0.0001298506968104058,9.535637666045563e-06,7.043344782019829e-06
1862,6.290725168587943e-05,0.0001274300982783773,9.245678625039286e-06,6.928677540700225e-06
1863,6.276447559144012e-05,0.00012719494035146845,9.283311138221149e-06,7.051179634917637e-06
1864,6.250702955945542e-05,0.0001261235788092563,9.098092581386449e-06,6.945755958428263e-06
1865,6.212665085745885e-05,0.00012652226484988205,8.997632227801335e-06,6.93475488027189e-06
1866,6.222928126474259e-05,0.0001255549827874347,8.799891812876532e-06,6.7335088544423495e-06
1867,6.23092346338743e-05,0.00012431762082444817,8.779857901686228e-06,6.706795443833395e-06
1868,6.182633554173224e-05,0.00012378576429585207,8.62645779317209e-06,6.515384402607556e-06
1869,6.144313595868311e-05,0.00012207913593036728,8.762985407478092e-06,6.5474152811332925e-06
1870,6.136213433143618e-05,0.00012120497759886866,8.669638083753333e-06,6.383056544753685e-06
1871,6.032631744292059e-05,0.00011957086135388246,8.629472519012487e-06,6.342351729451174e-06
1872,5.9610898255917686e-05,0.00011553429205995209,8.46861681377423e-06,6.132307500814061e-06
1873,5.80198470220442e-05,0.00011134272966728531,8.395845189568262e-06,6.054580567161984e-06
1874,5.715756666445161e-05,0.00010949057555568027,8.288038944012248e-06,5.8659970572432535e-06
1875,5.595367916606213e-05,0.00010597633465587413,8.217659106384596e-06,5.772936814345066e-06
1876,5.56066457012402e-05,0.00010494883442139065,8.12659326001608e-06,5.633334571111418e-06
1877,5.4814758754620895e-05,0.00010173469364157686,8.080144637493243e-06,5.563070317955919e-06
1878,5.450300927835526e-05,0.00010046625275046088,8.076610283274429e-06,5.452122402619624e-06
1879,5.429992519775543e-05,9.935594090393352e-05,8.07687069992775e-06,5.467388627710441e-06
1880,5.399291033469922e-05,9.81362844153669e-05,8.07275194877174e-06,5.345801752814389e-06
1881,5.36434182696967e-05,9.686853887355288e-05,8.145330320681004e-06,5.33044301013633e-06
1882,5.3958375894629694e-05,9.635250344380048e-05,8.186330901896862e-06,5.270261794190371e-06
1883,5.3946343109194974e-05,9.512415444338071e-05,8.209552052562686e-06,5.241302769352719e-06
1884,5.363963123881734e-05,9.52444581473953e-05,8.30635164536123e-06,5.207310489219582e-06
1885,5.360350602501285e-05,9.416765297893497e-05,8.36304136677362e-06,5.2354577107913535e-06
1886,5.364532498016875e-05,9.364574262755403e-05,8.414455984708167e-06,5.212849863221537e-06
1887,5.374025580806574e-05,9.311276363632714e-05,8.455090172836728e-06,5.222890302000738e-06
1888,5.355738623283709e-05,9.25520620691194e-05,8.38175664463441e-06,5.18195680010535e-06
1889,5.3709155268271456e-05,9.209626510450368e-05,8.425914613040067e-06,5.223265837609102e-06
1890,5.369539283098642e-05,9.131802061444562e-05,8.342056190104228e-06,5.205197120034573e-06
1891,5.39617243496033e-05,9.074613755696452e-05,8.285690467703586e-06,5.229954778976959e-06
1892,5.4016764658675645e-05,9.081656704828285e-05,8.256473106119497e-06,5.175524181230089e-06
1893,5.3893571140812515e-05,9.023604739663175e-05,8.164418217049274e-06,5.093288711897705e-06
1894,5.3849542561173234e-05,9.062539771775846e-05,8.183691333586904e-06,5.079927745370107e-06
1895,5.407388989299631e-05,8.931338672774862e-05,8.220113720699577e-06,5.06362065648711e-06
1896,5.434143283520955e-05,8.891845124026077e-05,8.139031920834887e-06,5.016685950499922e-06
1897,5.468997961039739e-05,8.782717468745562e-05,8.107703793948571e-06,4.9784619946799394e-06
1898,5.458837871685773e-05,8.666797940902273e-05,8.08547858994757e-06,4.8913234454881725e-06
1899,5.461795508868558e-05,8.498531743076196e-05,8.013697490356314e-06,4.858173956072608e-06
1900,5.465186580165339e-05,8.321909919167021e-05,7.95667222150647e-06,4.793513377136198e-06
1901,5.51419791666571e-05,8.173407595027779e-05,7.90266521966438e-06,4.760888626615627e-06
1902,5.523845390850316e-05,8.163589199382062e-05,7.90852825672975e-06,4.729777255714991e-06
1903,5.5284223181826875e-05,8.107513584881027e-05,7.924419196620696e-06,4.698051304714251e-06
1904,5.5218721543935446e-05,8.100366573314333e-05,7.93865099592799e-06,4.662200071585211e-06
1905,5.5658779461152464e-05,8.009825123573526e-05,7.89407129909238e-06,4.648892575246207e-06
1906,5.631524060082224e-05,8.000113653646881e-05,7.91051672237586e-06,4.654597627362049e-06
1907,5.671408746772093e-05,8.001583081197947e-05,7.956783058078137e-06,4.684591611988007e-06
1908,5.671895079980719e-05,7.993534939844591e-05,7.92955285920779e-06,4.683065732016029e-06
1909,5.752383222150976e-05,7.987937437649504e-05,7.906251250869697e-06,4.677177295786638e-06
1910,5.8081364094115475e-05,7.979688054352403e-05,7.868541947405765e-06,4.680268329202867e-06
1911,5.8638803454057e-05,7.963132686329897e-05,7.87436991876841e-06,4.686728542736432e-06
1912,5.898569289440404e-05,8.029584348280747e-05,7.911493302246798e-06,4.708315686779589e-06
1913,5.937658301848257e-05,8.01903694309658e-05,7.858783363610756e-06,4.6990108237074786e-06
1914,6.0140427186589864e-05,8.037107619429662e-05,7.856721793166242e-06,4.756294098034027e-06
1915,6.138307021176712e-05,7.995107649451581e-05,7.838413277776774e-06,4.825842607106378e-06
1916,6.232357615739863e-05,7.936474098154837e-05,7.73684839786729e-06,4.905146346806487e-06
1917,6.303136527614177e-05,7.812779485659251e-05,7.630753671631194e-06,4.931003005693494e-06
1918,6.362591618978643e-05,7.821080252564831e-05,7.5239127367256376e-06,4.9595262248499204e-06
1919,6.447050794885659e-05,7.672249213896976e-05,7.354217282110451e-06,4.966232754584057e-06
1920,6.51500417794588e-05,7.576395660180424e-05,7.2109423689324454e-06,4.969940984633869e-06
1921,6.653163198068666e-05,7.467958350356898e-05,7.042794371336925e-06,4.937577303694529e-06
1922,6.70447236034631e-05,7.404262253122138e-05,6.896091688979311e-06,4.8864174684538315e-06
1923,6.7267540320667e-05,7.345714388407032e-05,6.786465233256576e-06,4.860373174397914e-06
1924,6.748550614231265e-05,7.302321793645206e-05,6.672693714409357e-06,4.851936919741355e-06
1925,6.785078137941778e-05,7.180312964091431e-05,6.566181142986238e-06,4.847596459160719e-06
1926,6.781844366189813e-05,7.202465796548754e-05,6.498736852097611e-06,4.863415776830019e-06
1927,6.803040790665753e-05,7.159645240254317e-05,6.416871518334841e-06,4.870184262739267e-06
1928,6.702210073886558e-05,7.105147734673016e-05,6.383049613210647e-06,4.8491907516587385e-06
1929,6.688519914632707e-05,7.08986229369657e-05,6.455731378299642e-06,4.875008662167925e-06
1930,6.665559738751523e-05,7.094216664833246e-05,6.514283897374184e-06,4.888167674434273e-06
1931,6.695865972363078e-05,7.094967394242044e-05,6.63446939981327e-06,4.943801901893709e-06
1932,6.735725539134104e-05,7.162053468943798e-05,6.710620559096421e-06,5.014515185793937e-06
1933,6.765748579644943e-05,7.168676481634455e-05,6.968272728232908e-06,5.086225073049859e-06
1934,6.780747206188867e-05,7.180032950973978e-05,7.043587717804809e-06,5.137757352903703e-06
1935,6.827250842889043e-05,7.112278367214588e-05,7.060149581812019e-06,5.2047859719711594e-06
1936,6.864994561185865e-05,7.125467550801139e-05,7.0573920659709554e-06,5.2720572724000315e-06
1937,6.870035550881377e-05,6.959903617241383e-05,7.007702102030626e-06,5.314734178746581e-06
1938,6.868157221820834e-05,6.887684894049277e-05,6.986705675211218e-06,5.396967026345579e-06
1939,6.880940548269012e-05,6.799275688454795e-05,6.914831056243591e-06,5.4683861002058155e-06
1940,6.979736679113557e-05,6.679789272620187e-05,6.746899633012862e-06,5.591689671902057e-06
1941,7.030533963968213e-05,6.542691689251765e-05,6.7244330278778565e-06,5.729267112392376e-06
1942,7.141110357419425e-05,6.519220168651632e-05,6.726583290068382e-06,5.868643727481483e-06
1943,7.212921749604513e-05,6.338480021180917e-05,6.659873100365945e-06,5.944352157238974e-06
1944,7.341189322167858e-05,6.35798962248048e-05,6.602536715430825e-06,6.064117976506114e-06
1945,7.419266749561107e-05,6.319123509358959e-05,6.520576309070643e-06,6.104727718153525e-06
1946,7.440527636910181e-05,6.227949127232282e-05,6.548129373256424e-06,6.152052076122623e-06
1947,7.397472778133566e-05,6.083556575374262e-05,6.361957846096849e-06,6.132289052905979e-06
1948,7.474056435187646e-05,6.105205703274155e-05,6.3741780183233595e-06,6.176808867804282e-06
1949,7.450242760244561e-05,5.9839469766334984e-05,6.257966381438353e-06,6.180883158546667e-06
1950,7.47889212269521e-05,6.00582997622366e-05,6.229604578576544e-06,6.25349741824827e-06
1951,7.497957218609892e-05,5.9064035212941235e-05,6.17191106633592e-06,6.286921311326129e-06
1952,7.549813834170242e-05,5.852376357243624e-05,6.09630869468398e-06,6.370207803226894e-06
1953,7.603956760249275e-05,5.7205901437587924e-05,5.9321074623142065e-06,6.42260277264913e-06
1954,7.680805539881217e-05,5.7760304583455634e-05,5.975979151072254e-06,6.514166163173919e-06
1955,7.64534467764731e-05,5.6654064999455454e-05,5.858350008328525e-06,6.597064653902223e-06
1956,7.678892039361276e-05,5.665778101209591e-05,5.871170270412205e-06,6.736560980723029e-06
1957,7.61263768254139e-05,5.514052521350875e-05,5.7683367919939394e-06,6.815550577713278e-06
1958,7.550041466077216e-05,5.4571295931639596e-05,5.726826310135737e-06,6.967417797635164e-06
1959,7.46947632381177e-05,5.3529626878149164e-05,5.718709886843547e-06,7.070919761456969e-06
1960,7.398037174815337e-05,5.3103615588919896e-05,5.728814034305125e-06,7.198581196512273e-06
1961,7.330148449519973e-05,5.2238436747334814e-05,5.688565904802902e-06,7.331337714178552e-06
1962,7.326745324982247e-05,5.244955080943977e-05,5.747067339204445e-06,7.470381556240866e-06
1963,7.348117612439507e-05,5.220906282131312e-05,5.747263975004151e-06,7.59586923870911e-06
1964,7.44612415733822e-05,5.332014999989302e-05,5.836654211626475e-06,7.78631761024178e-06
1965,7.548331482861874e-05,5.3472475684657184e-05,5.903459586014444e-06,7.912323449305434e-06
1966,7.68400862593158e-05,5.416269965508036e-05,6.005344224543511e-06,8.119594484488307e-06
1967,7.814243222778064e-05,5.435851145258701e-05,6.0577101705356584e-06,8.262683397179473e-06
1968,7.961362540040033e-05,5.511629545448419e-05,6.19472058086704e-06,8.430706883066908e-06
1969,8.056383905698437e-05,5.453126063668735e-05,6.239536871025362e-06,8.510277788907418e-06
1970,8.072166510178898e-05,5.4103414401294814e-05,6.3112982159298414e-06,8.57672300555604e-06
1971,8.110617782871747e-05,5.2867823094564823e-05,6.380256899214081e-06,8.669108043591571e-06
1972,8.108646712961283e-05,5.2334952735171616e-05,6.48099163902722e-06,8.75845496815678e-06
1973,8.050606730388868e-05,5.116343548447081e-05,6.470342993988458e-06,8.758969947955268e-06
1974,8.030339657645007e-05,5.042127731615307e-05,6.539404230514785e-06,8.846647228242085e-06
1975,7.963340236269037e-05,4.859138199516825e-05,6.4516353090888456e-06,8.84202868622262e-06
1976,7.875754165200175e-05,4.784219644144676e-05,6.44329406906e-06,8.889736051642671e-06
1977,7.888850378939034e-05,4.705065154147243e-05,6.462824913151215e-06,9.05144656602186e-06
1978,7.85382909985596e-05,4.651233987017025e-05,6.4617086661452765e-06,9.174294321298174e-06
1979,7.854006123255073e-05,4.568131253433551e-05,6.443215193030483e-06,9.304737377963906e-06
1980,7.878592022539774e-05,4.5386505929302855e-05,6.491865439731523e-06,9.519762471199566e-06
1981,7.910654842037599e-05,4.483341383222848e-05,6.525631501221239e-06,9.729792721894068e-06
1982,7.948229771110553e-05,4.4507189780266086e-05,6.580977248558741e-06,9.974452740003319e-06
1983,8.03745909446921e-05,4.384639363560642e-05,6.630582271124499e-06,1.0263568268465655e-05
1984,8.070547138621415e-05,4.359554979974486e-05,6.662067103491154e-06,1.0448998069243328e-05
1985,8.132811850763184e-05,4.313654663081122e-05,6.658921878661366e-06,1.0634728428240583e-05
1986,8.16531782155445e-05,4.2895955658650564e-05,6.693689389131967e-06,1.0797380133966854e-05
1987,8.207164562788551e-05,4.234864843916901e-05,6.671009771253011e-06,1.0961365820212819e-05
1988,8.24261371690227e-05,4.216378964169313e-05,6.648094772084992e-06,1.109567562054508e-05
1989,8.30747105737828e-05,4.201013907082337e-05,6.658352326789035e-06,1.1259393027440723e-05
1990,8.37868190696359e-05,4.2057985471696414e-05,6.616986103174278e-06,1.1390587264476741e-05
1991,8.459389573545195e-05,4.180263625487766e-05,6.6001729854698565e-06,1.155976893475622e-05
1992,8.556626689174403e-05,4.189493487111966e-05,6.6079705431678e-06,1.1750232630355508e-05
1993,8.69418776281756e-05,4.183855135611988e-05,6.5773331485274865e-06,1.198544304412368e-05
1994,8.863161237318959e-05,4.213801910931839e-05,6.612289933981077e-06,1.223275243170198e-05
1995,9.03392739733785e-05,4.2278056318829324e-05,6.669068626357395e-06,1.2472386785111755e-05
1996,9.235637896511304e-05,4.264104851716053e-05,6.736740641802694e-06,1.2739398377517982e-05
1997,9.505132395913409e-05,4.320817901007753e-05,6.8053331998742444e-06,1.3016890367408987e-05
1998,9.727214598699772e-05,4.400453276990187e-05,6.854202155182065e-06,1.3227176454396908e-05
1999,9.918776647412284e-05,4.411093028368539e-05,6.872199982918151e-06,1.343478034705787e-05
2000,0.0001015101315715583,4.467334529424858e-05,6.924760205708123e-06,1.36308780230378e-05
2001,0.00010411313535639368,4.5316357285076136e-05,6.978022058693309e-06,1.3844934794834555e-05
2002,0.00010734558502788007,4.6308825687901845e-05,7.018516307003405e-06,1.4053177078486381e-05
2003,0.00011031167397439796,4.708739850148699e-05,7.041364342898402e-06,1.4233340665906597e-05
2004,0.00011259797442367667,4.7589028464959225e-05,7.089984413153974e-06,1.4422875680348519e-05
2005,0.0001159884157329673,4.8197756484569254e-05,7.16977135348478e-06,1.4700444263967709e-05
2006,0.00012152452187105415,4.9723177856516744e-05,7.207994041737363e-06,1.499870703174049e-05
2007,0.00012745839720602298,5.103923685315489e-05,7.225799169471461e-06,1.5499874873338625e-05
2008,0.00013408558236603443,5.21922489156168e-05,7.143510470188273e-06,1.5847326001223418e-05
2009,0.00013724461778760348,5.214730549596425e-05,6.938450595939117e-06,1.59739805379866e-05
2010,0.00014076003042516407,5.2270916577461844e-05,6.752342390724055e-06,1.61191612006847e-05
2011,0.00014554979319265319,5.288307114272227e-05,6.5602631207996505e-06,1.6233434028507205e-05
2012,0.00014990965301616858,5.338003248717931e-05,6.327508956514651e-06,1.6353544884314556e-05
2013,0.00015214203667060895,5.325784023365746e-05,6.170134033567365e-06,1.642780202721588e-05
2014,0.00015321933476895668,5.297385815440845e-05,5.984364342026538e-06,1.626177093563909e-05
2015,0.00015282808697390595,5.2850765890915295e-05,5.896693358867619e-06,1.6246579381434017e-05
2016,0.00015580831073488559,5.390916587495147e-05,5.950493237502234e-06,1.6546188321948334e-05
2017,0.00015836741288564684,5.4544966977638456e-05,5.912850739723093e-06,1.678902663127297e-05
2018,0.000159548647453838,5.455287495286549e-05,5.89074351436482e-06,1.7022445235191442e-05
2019,0.00016042479670172076,5.409577787369406e-05,5.827293317699806e-06,1.7183706780746608e-05
2020,0.00016077839222816692,5.417492261964677e-05,5.805065455177782e-06,1.7288678337027778e-05
2021,0.0001615151398254966,5.4370985287732766e-05,5.799827303150096e-06,1.7454638253995292e-05
2022,0.00016277019460630981,5.4222505852408176e-05,5.752341548692641e-06,1.7558490181585064e-05
